Biogram@Dane prawdziwe@Rezultat@GPT@GPT35@Clarin
Piotrowiczowa_z_Rogolinskich@brak danych@True@brak danych@brak danych@None
Byszewska_Ludwika_z@brak danych@True@brak danych@brak danych@None
Cox_Leonard@Thame@True@Thame@Thame (Oxfordshire)@Tham
Orlowska_Cecylia_Czeslawa@Łódź@True@Łódź@Łódź@Łódź
Swiatkowski_Henryk@Dzierzążnia@True@Dzierzążnia@Dzierzążnia (pow. płoński)@Dzierzążnia
Patruus_Jan__syn_@brak danych@True@brak danych@brak danych@None
Krystyniacki_Jan@Leżajsk@True@Leżajsk@Leżajsk@None
Stebelski_1@Magierów@True@Magierów@Magierów (pow. Rawa Ruska)@Magierowie
Glinski_Iwan@brak danych@True@brak danych@brak danych@None
Dobrogost_z_Dzwonowa@brak danych@True@brak danych@Dzwonowo@None
Kozlowski_Jan_Pawel@Kraków@True@Kraków@Kraków@Krakowie
Jarkowski_Stanislaw_Teofil@Warszawa@True@Warszawa@Warszawa@Warszawa
Hirschenfeld-Mielecki_Jozef@Warszawa@True@Warszawa@Warszawa@Warszawa
Szczerbic@brak danych@True@brak danych@brak danych@None
Pociej_Aleksander_h@brak danych@True@brak danych@brak danych@None
Glogerowa_z_Jelskich@Zamość@False@Zamość@brak danych@None
Szprega_Teodor@Czersk@True@Czersk@Czersk (pow. chojnicki)@Czersko
Rzymowski_Wincenty@Kuczbork@True@Kuczbork@Kuczbork (powiat mławski)@Kuczbork
Myszkowski_Stanislaw_z_1@brak danych@True@brak danych@Mirowo (h. Jastrzębiec)@None
Dogrumowa_Maria_Teresa@Wiedeń@True@Wiedeń@brak danych@Holandia
Felinska_Ewa@Uznoha@True@Uznoha@Uznoha (powiat słucki, Litwa)@Uznoha
Szafarczyk@Racibórz@True@Racibórz@Racibórz (na Śląsku)@Raciborzu Na Śląsk
Robel_Jan_Zygmunt@Kraków@True@Kraków@Kraków@Krakowie
Sapiezyna_z_Zamoyskich_1@Podzamcze@True@Podzamcze@Podzamcze@Podzamczu
Radziwill_Jan_Mikolaj@brak danych@True@brak danych@brak danych@None
Radwan@brak danych@True@brak danych@brak danych@None
Quest_Robert@Lwów@True@Lwów@Lwów@Lwowie
Mroczko_Nagorka_z@brak danych@True@brak danych@Kisielewo (pod Sierpcem w woj. płockim)@None
Pion_Maurice@Paryż@True@Paryż@Paryż@Paryż
Eryk_z_Winsen@brak danych@True@brak danych@brak danych@None
Bezprym@brak danych@True@brak danych@brak danych@None
Lesniowolski_Marcin_h@brak danych@True@brak danych@brak danych@None
Przezdziecki_Aleksander_h@brak danych@True@brak danych@brak danych@None
Ezra_ben_Nisan@brak danych@True@brak danych@Trok@None
Slonkowic@Słonkowo@True@Słonkowo@brak danych@Słonkowie
Jamonttowna_Helena@Warszawa@True@Warszawa@Warszawa@Warszawa
Pahl_Mikolaj@Gdańsk@True@Gdańsk@Gdańsk@Gdańsku
Stawski_Stanislaw_h._Korczak@brak danych@True@brak danych@brak danych@None
Szpilman@Sosnowiec@True@Sosnowiec@Sosnowiec@Sosnowcu
Cruciger_Feliks@Szczebrzeszyn@False@Szczebrzeszyn@Szczebrzeszyn@None
Lancucki_Wojciech@Skawina@True@Skawina@Skawina@Skawinie
Dabrowska_Pelagia@Dubienka@True@Dubienka@Dubienka (w Lubelskiem)@Dubience
Niemiryczowa_z_Jelowickich@Ożenin@True@Ożenin@Ożenin (pow. ostrogski)@Ożeninie
Stawowy-Wojnarowska_Irena_Barbara@Wołożyn@True@Wołożyn@Wołożyn (na Nowogródczyźnie)@Wołożynie Na Nowogródczyźnie
Librachowa@Zbiroż@True@Zbiroż@Zbiroż (pow. rypiński)@Zbirożyć
Klopffleisch_Wilhelm@Warszawa@True@Warszawa@Warszawa@Warszawa
Spettowa@Lwów@True@Lwów@Lwów@Lwowie
Langfort_Teodor_Henryk@brak danych@True@brak danych@brak danych@None
Chrapicki_Mikolaj@brak danych@True@brak danych@brak danych@None
Sedziwoj_z_Legu@brak danych@True@brak danych@Łęg Kościelny (powiat bielski na Mazowszu płockim)@None
Karlowicz_Jan@brak danych@True@brak danych@brak danych@None
Szumski_Boksa@brak danych@True@brak danych@brak danych@None
Fabijanski_Stanislaw@Paryż@True@Paryż@Paryż@None
Grabski_Jan_Kazimierz@brak danych@True@brak danych@brak danych@None
Suchten@Gdańsk@True@Gdańsk@Gdańsk@Gdańsku
Koene-Jaski_4@brak danych@True@brak danych@Killoba (Pomorze)@None
Sztaffel_Izrael@Warszawa@True@Warszawa@Warszawa@Warszawa
Campen_van_der@Kampen@True@Kampen@Kampen (Overijssel)@None
Czajewski_Ignacy@brak danych@True@brak danych@brak danych@None
Glowacki_Ignacy@brak danych@True@brak danych@brak danych@None
Dabrowski_Adam@Zaklików@True@Zaklików@Zaklików (pow. lubelski, Królestwo Polskie)@Zaklikowie
Lesikowski_Stanislaw@Tuchola@True@Tuchola@Tuchola@Tuchola
Festenburg_de_Gérard@Lwów@True@Lwów@Lwów@Lwowie
Ewild_al_Eywild@brak danych@True@brak danych@brak danych@None
Sowinski_Leonard@Berezówka@True@Berezówka@Berezówka (pow. lityński na Podolu)@Berezówka
Slizien_Stefan_Jan@brak danych@True@brak danych@brak danych@None
Semadeni_Irena@Hołuzja@True@Hołuzja@Hołuzja (na Wołyniu (pow. sarneński))@Hołuzja Na Wołyeń
Golaski_Jan@brak danych@True@brak danych@brak danych@None
Charbinowski_Bartosz@Charbinowice@False@Charbinowice@Charbinowice (we wsi sandomierskim)@None
Stawska_Paulina@Toruń@True@Toruń@Toruń@Toruniu
Han_Herman@Nysa@True@Nysa@Nysa (na Śląsku)@Nysie Na Śląsk
Spira_Natan_ben@Praga@True@Praga@Praga (Czechy)@None
Fenenna@brak danych@True@brak danych@brak danych@None
Kapusta_Lawryn@brak danych@True@brak danych@brak danych@None
Curie_Maria@Warszawa@True@Warszawa@Warszawa@Warszawa
Przezdrzew_z_Ostrowa@brak danych@False@brak danych@Kujawy (zapewne w Ostrowie)@None
Spektor_Mordechaj@Human@True@Human@Humaniu (gub. kijowska)@Humaniu
Maciej@brak danych@True@brak danych@brak danych@None
Potocki_Antoni_Michal@brak danych@True@brak danych@brak danych@None
Radziejowski_Mikolaj_h@brak danych@True@brak danych@brak danych@None
Orlik_Filip_h@Kosucie@True@Kosucie@Kosucie@None
Sulimirski_Tadeusz_Jozef@Kobylany@True@Kobylany@Kobylany (powiat krośnieński)@Kobylanach
Dedko_Dymitr@brak danych@True@brak danych@brak danych@None
Guicciardini_Galeazzo@brak danych@True@brak danych@brak danych@None
Gorecka_Ludwika_z@Warszawa@True@Warszawa@Warszawa@Warszawa
Suryn_Eliasz_Wladyslaw@brak danych@True@brak danych@brak danych@None
Morteski_Ludwik_z@brak danych@True@brak danych@brak danych@None
Maciej_z_Makolina@Mąkolino@False@Mąkolino@Mąkolino (wieś biskupów płockich w ziemi wyszogrodzkiej na Mazowszu)@None
Lee_Karol@Dernhall@True@Dernhall@Dernhall (Cheshire, Anglia)@Dernhall
Rusin@brak danych@True@brak danych@brak danych@None
Landowska_Wanda_Aleksandra@Warszawa@True@Warszawa@Warszawa@Warszawa
Sarnowska@Lublin@True@Lublin@Lublin@Lublinie
Moscicki_Ignacy@Mierzanów@True@Mierzanów@Mierzanowo (pow. Ciechanów)@Mierzanowie
Katarzyna_Jagiellonka@Kraków@True@Kraków@Kraków@Krakowie
Slupecki_Kazimierz@Zakroczym@True@Zakroczym@Zakroczym (pow. wyszogrodzki)@Zakroczymiu
Symeon@Zamość@True@Zamość@Zamość (w ubogiej rodzinie ormiańskiej)@Zamościu
Sygryda@brak danych@True@brak danych@brak danych@None
Skiba_Antoni@Opole@True@Opole@Opole@Opolu
Hincza_z_Rogowa@brak danych@True@brak danych@brak danych@None
Jaksa_z_Miechowa@brak danych@True@brak danych@Miechów@None
Braun_Stanislaw@Jaszczów@True@Jaszczów@Jaszczew (koło Krosna)@Jaszczwi
Kunicki_Tadeusz@Lwów@True@Lwów@Lwów@Lwowie
Puttkamerowa_z_Wereszczakow@Tuhanowicze@True@Tuhanowicze@Tuhanowicze (pow. nowogródzki)@Tuhanowiczach
Pichgiel@Lublin@False@Lublin@Lublin@Lublina
Jadwiga_Jagiellonka@Kraków@True@Kraków@Kraków (na Wawelu)@Krakowie Na Wawel
Farurej_Jan_z@brak danych@True@brak danych@Garbów@None
Faleta@brak danych@True@brak danych@brak danych@Mazowsza
Mikolaj_z_Woli@brak danych@True@brak danych@brak danych@None
Maria_Jozefa@Wiedeń@False@Wiedeń@brak danych@None
Bartels@Wilno@True@Wilno@Wilno@Wilnie
Kuropatwa_Jasko_z@brak danych@True@brak danych@brak danych@None
Siegniew_z_Greboszowa@brak danych@True@brak danych@Gręboszów (h. Półkozic)@None
Aloe@Warszawa@True@Warszawa@Warszawa (około)@Warszawa
Gladysz_Jan_h@brak danych@True@brak danych@brak danych@None
Sapieha_Jan_Fryderyk@brak danych@True@brak danych@brak danych@None
Sapieha_Adam@Warszawa@True@Warszawa@Warszawa@Warszawa
Schulboym_Mosze@Jezierzany@True@Jezierzany@Jezierzany (w Galicji)@Jezierzanach
Daszynski_Ignacy@Zbaraż@True@Zbaraż@Zbaraż@Zbaraż
Mieszko_III_Stary@brak danych@True@brak danych@brak danych@None
Maciejewiczowa_z_Moszczynskich@Teklinów@True@Teklinów@Teklinowo (powiat orszański)@Teklinowie
Grabczewski_Bronislaw@Kownatowo@True@Kownatowo@Kownatów (powiat telszewski na Litwie)@Kownatowie
Lachowski@Mękarzów@True@Mękarzów@Mękarzów (pow. lelowski)@None
Sokolowski_Marcin@Litwa@True@Litwa@Litwa@None
Dymitr_Olgierdowicz_Starszy@brak danych@True@brak danych@brak danych@None
Slaska@Katowice@True@Katowice@Katowice@Katowicach
Niesiolowski_Kazimierz_Ignacy@brak danych@True@brak danych@brak danych@None
Godebski_Franciszek_Ksawery@Frankenthal@True@Frankenthal@Frankenthal (Palatynat Nadreński)@Frankenthal
Sapiezyna_z_Branickich@brak danych@True@brak danych@brak danych@None
Szczubiol_Andrzej_z@brak danych@True@brak danych@brak danych@None
Mielecki_Stanislaw_h@brak danych@True@brak danych@Mielec (nad Wisłoką, pow. sandomierski)@None
Onolf@brak danych@True@brak danych@brak danych@None
Rosicki_Andrzej@Władysławowo@True@Władysławowo@Władysławowo (koło Konina)@Władysławowie
Slowicki_Jozef@Rostoka@True@Rostoka@Rostoka (wieś w obwodzie krasnostawskim)@Rostoka
Gramz_Boleslaw@Kubliczew@True@Kubliczew@Kubliczew (miasteczko, gub. witebska)@None
Dyjakiewicz_z_Kolimata@Pułnuszki@False@Pułnuszki@Węgrów@None
Przewoska_Maria_Czeslawa@Siedlce@True@Siedlce@Siedlce (wg Łozy; wg Enc. Org.: w r. 1865 w Lublinie)@None
Rokosz_Jan@Koszyce Wielkie@False@Koszyce Wielkie@Koszyce Wielkie (dawniej zw. też Kościcami)@None
Swach@Daczycy@True@Daczycy@Daczyce (na Morawach)@Daczycach Na Morawe
Goldman_Jan@Kraków@True@Kraków@Kraków@Krakowie
Decjusz_1@brak danych@True@brak danych@brak danych@None
Sniadecka_Kornelia_Ludwika@Wilno@True@Wilno@Wilno@Wilnie
Krumhausen_Gabriel@Gdańsk@True@Gdańsk@Gdańsk@Gdańsku
Swirski_Jerzy_Wlodzimierz@Kalisz@True@Kalisz@Kalisz@Kalisz
Norwid_Franciszek_Ksawery@Laskowo-Głuchy@True@Laskowo-Głuchy@Laskowo-Głuchy (koło Wyszkowa)@None
Stanislaw_Cielatko_z@Liszyn@False@Liszyn@Liszyno (powiat płocki)@None
Dekan_Jan@brak danych@True@brak danych@brak danych@None
Szapira@Suczawa@True@Suczawa@Suczawa (na Bukowinie)@None
Siemikowski_Wojciech_h@Siemkowice@False@Siemkowice@Siemkowice (Wieluńskie)@None
Gotland_Jan_mlodszy@Toruń@True@Toruń@Toruń@Toruniu
Smieszkowic_Mikolaj@Lwów@True@Lwów@Lwów@Lwowie
Cygan_Antoni@brak danych@True@brak danych@brak danych@None
Drzewiecki_Henryk@Warszawa@True@Warszawa@Warszawa@Warszawa
Sokolak_Henryk@Zgrobelice@True@Zgrobelice@Zgrobelice (powiat tarnopolski)@Zgrobelicach
Siemienowska_Anna@Albertyna@True@Albertyna@Albertyn (powiat słonimski)@Albertynie
Rudzinska_z_Januchtow@Kielce@True@Kielce@Kielce@Kielcach
Piotr_Nagorka_z@brak danych@True@brak danych@Grąbec (pod Sierpcem w woj. płockim)@None
Jakub_z_Zalesia@brak danych@True@brak danych@brak danych@None
Dawison_Bogumil@Warszawa@True@Warszawa@Warszawa@Polka
Lezenski_1@brak danych@True@brak danych@ziemia czerska@None
Gomolinski_Karol_h@brak danych@True@brak danych@brak danych@None
Stanczakowa_ze_Strancmanow@Warszawa@True@Warszawa@Warszawa@Warszawa
Kozlowski_Mikolaj_h@Kozłów@True@Kozłów@Kozłów (powiat miechowski)@Kozłowy
Bartoszewski_Jan@Lwów@True@Lwów@Lwów@Lwowie
Szczygielska@Kraków@True@Kraków@Kraków@Krakowie
Rudzki-Wezyk_Jan@Witkowice@True@Witkowice@Witkowice (powiat sochaczewski)@Witkowicach
Szenirer_Sara@Kraków@True@Kraków@Kraków@Krakowie
Niewiadomska_Cecylia@Warszawa@True@Warszawa@Warszawa@Warszawa
Grzegorzewski_Jan@Szulejki@True@Szulejki@Szulejki (w pow. zwiahelskim na Wołyniu)@None
Mierzenski_Aleksander_h@brak danych@True@brak danych@brak danych@None
Sudywoj@brak danych@True@brak danych@brak danych@None
Konarski_Hieronim@Żarczyce@True@Żarczyce@Żarczyce (powiat chęciński)@Żarczycach
Szapocznikow_Alina@Kalisz@True@Kalisz@Kalisz@Kalisz
Kliszewska_z_Wesolowskich@Frysztak@True@Frysztak@Frysztak (powiat jasielski)@Frysztaku
Korczak_Jozef@Dąbrówka@True@Dąbrówka@Dąbrówka (pow. janowski, ziemia lubelska)@Dąbrówka
Ludwik_I@brak danych@True@brak danych@brak danych@None
Szulc_w_zak._Tomasz@Lubawa@True@Lubawa@Lubawa (ziemia chełmińska)@None
Stanislaw_August_Poniatowski@Wołczyn@True@Wołczyn@Wołczyn@Wołczynie
Podfilipski_Jakub_h@brak danych@True@brak danych@brak danych@None
Rehbinder@Inflanty@True@Inflanty@brak danych@Inflant
Klimowicz_Stanislaw@brak danych@True@brak danych@brak danych@None
Klokocki_Kazimierz_Krzysztof@brak danych@True@brak danych@brak danych@None
Gedko@brak danych@True@brak danych@brak danych@None
Spycigniew_z_Dabrowy@brak danych@True@brak danych@brak danych@None
Basaeus@brak danych@True@brak danych@Szczebrzeszyn@None
Schnayder_Jerzy_Edward@Krzeszowice@True@Krzeszowice@Krzeszowice (koło Krakowa)@Krzeszowice
Sokolowska-Luszczewska_Halina@Żytomierz@True@Żytomierz@Żytomierz@Żytomierz
Schirmer@brak danych@True@brak danych@brak danych@None
Kakowski_Aleksander@Dębiny@True@Dębiny@Dębiny (powiat przasnyski)@Dębina
Pahr@Bissone@True@Bissone@Bissone (nad jeziorem Lugano, kanton Tessyn)@Bissone
Rotundus_Mieleski_Augustyn@Wieluń@True@Wieluń@Wieluń@Wieluniu
Firlej_Jan_z@brak danych@True@brak danych@Dąbrowica@None
Rossi_Piotr@Rzym@True@Rzym@Rzym@None
Ossolinski_Jerzy_h@Sandomierz@True@Sandomierz@Sandomierz@Sandomierzu
Dynowska_Maria@Warszawa@True@Warszawa@Warszawa@Warszawa
Rullus_Jan@Kraków@True@Kraków@Kraków@Krakowie
Dalbor_Maksymilian@Poznań@True@Poznań@Poznań@None
Nieustep@brak danych@True@brak danych@brak danych@None
Gniewosz_z_Dalewic@brak danych@True@brak danych@Dalewice (Ćmielowa, Wronowa)@None
Dzierzek_Natalia@Kotiużany@True@Kotiużany@Kotiużany (na Podolu)@Kotiużanach Na Podole
Sieniawska_z_Chodkiewiczow@brak danych@True@brak danych@brak danych@None
Siemowit_VI@brak danych@True@brak danych@brak danych@None
Szymkowicz_Poszuszwienski_Mikolaj@brak danych@True@brak danych@brak danych@None
Fiorentini_Wladyslaw@Borgo@False@Borgo@Borgo (Rzeczypospolita Wenecka)@None
Leymiter_Stanislaw@brak danych@True@brak danych@brak danych@None
Snigurski_Jan@Brześciany@True@Brześciany@Brześciany (powiat samborski)@Brześcianach
Kozniewska-Kalinowska_Maria@Warszawa@True@Warszawa@Warszawa@Warszawa
Szembek@Stendal@False@Stendal@Stendal@None
Szujski_Konstanty@brak danych@True@brak danych@brak danych@None
Strzelecki_Wieslaw_Marian@Brudzewice@True@Brudzewice@Brudzewice (pow. opoczyński)@Brudzewicach
Bialecka_Kolumba@Jaśniszcze@True@Jaśniszcze@Jaśniszcze (koło Podkamienia, powiat brodzki)@Jaśniszczach
Szymon_z_Sierpca@Sierpc@False@Sierpc@Sierpc (woj. płockie)@Sierpc
Siemowit@Gniezno@False@Gniezno@brak danych@None
Rudzinski_Mieczyslaw@Werki@True@Werki@Werki (koło Wilna)@Werki
Eufrozyna@brak danych@True@brak danych@brak danych@None
Renard_Benedykt_h@Warszawa@True@Warszawa@Warszawa (prawdopodobnie)@None
Gladysz_Jan@Babimost@True@Babimost@Babimost (powiat Wolsztyn lub Poznań)@Babimośt
Czartoryski_Adam_Jerzy@Warszawa@True@Warszawa@Warszawa@Warszawa
Machwic@brak danych@True@brak danych@brak danych@None
Migowa_z_Gancwohlow@Będzin@True@Będzin@Będzin@Będzinie
Stanislaw@brak danych@True@brak danych@brak danych@None
Stawrowiecki_Cyryl_Trankwillion@brak danych@True@brak danych@brak danych@None
Kalinski_Seweryn_Mikolaj@brak danych@True@brak danych@brak danych@None
Motty_Jan_Chrzciciel@Paryż@True@Paryż@Paryż@None
Ordonowna_Hanka_z@Warszawa@True@Warszawa@Warszawa (?)@Warszawa
Szeptycki_Bazyli@Woszczańce@True@Woszczańce@Woszczańce (ziemia przemyska)@Woszczańca
Popiel@brak danych@True@brak danych@Gniezno@None
Izrael_ben_Mosze@Zamość@True@Zamość@Zamość@Zamościu
Prastel@brak danych@True@brak danych@brak danych@None
Federowicz_Ignacy@Czechy@True@Czechy@Czechy (pod Zduńską Wolą)@Czechy Pod Zduńska Wola
Adam_Waclaw@brak danych@True@brak danych@brak danych@None
Potocki_Artur_1@Krzeszowice@True@Krzeszowice@Krzeszowice@Krzeszowice
Podfilipski_Michal_h@brak danych@True@brak danych@brak danych@None
Slop@Dębowiec@False@Dębowiec@Dębowiec (koło Cieszyna)@Dębowca
Mostowska_z_Bujwidow@Warszawa@True@Warszawa@Warszawa@Warszawa
Slomowski_Stanislaw_h@brak danych@True@brak danych@Czechowo (powiat gnieźnieński)@None
Kamienski_Antoni_h@Ludwiszczy@True@Ludwiszczy@Ludwiszcze (powiat krzemieniecki)@Ludwiszczach
Erlichshausen_v_Ludwik@brak danych@True@brak danych@brak danych@Szwabii
Kalinowski_Wincenty_Konstanty@Mostowlany@True@Mostowlany@Mostowlany (powiat wołkowyski, gubernia grodzieńska)@Mostowlanach
Szymanowski_Antoni@Warszawa@True@Warszawa@Warszawa@Warszawa
Potocki_Jan_Nepomucen_1@Oleszyce@True@Oleszyce@Oleszyce@Oleszycach
Fuzorius_Bartlomiej@Nowy Sącz@True@Nowy Sącz@Nowy Sącz@Nowy Sącz
Patruus@brak danych@True@brak danych@Norymberga@None
Kopernik_Mikolaj@Toruń@True@Toruń@Toruń@Toruniu
Strzelicz@Sosnowice@False@Sosnowice@brak danych@None
Szymon_ze_Stobnicy@Stobnica@False@Stobnica@Stobnica (pow. wiślicki)@None
Cieciura_Tymofiej@brak danych@True@brak danych@brak danych@None
Radziwillowa_Maria_Roza@Paryż@True@Paryż@Paryż@Paryż
Kolberg_Wilhelm_Karol@brak danych@True@brak danych@brak danych@None
Rejment-Grochowska_Irena@Warszawa@True@Warszawa@Warszawa@Warszawa
Gadebusch_Jakub@Gryfia@True@Gryfia@Gryfia (prawdopodobnie z końcem w. XVI)@None
