Biogram@Dane prawdziwe@Rezultat@GPT@Clarin
Piotrowiczowa_z_Rogolinskich@Dobra@True@Dobra@None
Byszewska_Ludwika_z@Lisa@False@Lisa@None
Cox_Leonard@brak danych@True@brak danych@None
Orlowska_Cecylia_Czeslawa@brak danych@True@brak danych@None
Swiatkowski_Henryk@Warszawa@True@Warszawa@Warszawa
Patruus_Jan__syn_@Poznań@True@Poznań@Poznaniu
Krystyniacki_Jan@Lwów@True@Lwów@Lwowie
Stebelski_1@Warszawa@True@Warszawa@None
Glinski_Iwan@brak danych@True@brak danych@None
Dobrogost_z_Dzwonowa@brak danych@True@brak danych@None
Kozlowski_Jan_Pawel@Kraków@False@Kraków@None
Jarkowski_Stanislaw_Teofil@Warszawa@True@Warszawa@None
Hirschenfeld-Mielecki_Jozef@Warszawa@False@Warszawa@None
Szczerbic@brak danych@True@brak danych@None
Pociej_Aleksander_h@brak danych@True@brak danych@None
Glogerowa_z_Jelskich@brak danych@True@brak danych@None
Szprega_Teodor@Osieczna@True@Osieczna@Osiecznej
Rzymowski_Wincenty@Warszawa@True@Warszawa@None
Myszkowski_Stanislaw_z_1@Warszawa@True@Warszawa@Warszawa
Dogrumowa_Maria_Teresa@brak danych@True@brak danych@None
Felinska_Ewa@Wojutyn@True@Wojutyn@None
Szafarczyk@Warszawa@True@Warszawa@None
Robel_Jan_Zygmunt@Kraków@True@Kraków@Krakowie
Sapiezyna_z_Zamoyskich_1@Krasiczyn@True@Krasiczyn@Krasiczynie
Radziwill_Jan_Mikolaj@Czarnawczyce@True@Czarnawczyce@Czarnawczycach
Radwan@brak danych@True@brak danych@None
Quest_Robert@Opawa@False@Opawa@None
Mroczko_Nagorka_z@brak danych@True@brak danych@Rzym
Pion_Maurice@Warszawa@True@Warszawa@Warszawa
Eryk_z_Winsen@brak danych@True@brak danych@None
Bezprym@Polska@False@Polska@None
Lesniowolski_Marcin_h@Piotrków@True@Piotrków@None
Przezdziecki_Aleksander_h@Wilno@True@Wilno@None
Ezra_ben_Nisan@brak danych@True@brak danych@None
Slonkowic@Kraków@True@Kraków@None
Jamonttowna_Helena@Warszawa@True@Warszawa@None
Pahl_Mikolaj@Gdańsk@True@Gdańsk@Gdańsku
Stawski_Stanislaw_h._Korczak@brak danych@True@brak danych@None
Szpilman@Warszawa@True@Warszawa@Warszawa
Cruciger_Feliks@Pińczów@True@Pińczów@None
Lancucki_Wojciech@Kraków@True@Kraków@Krakowie
Dabrowska_Pelagia@Kraków@False@Kraków@None
Niemiryczowa_z_Jelowickich@Lwów@True@Lwów@None
Stawowy-Wojnarowska_Irena_Barbara@Warszawa@True@Warszawa@Warszawa
Librachowa@Łódź@True@Łódź@Łódź
Klopffleisch_Wilhelm@Nerczyński Zawód@True@Nerczyński Zawód@None
Spettowa@Kraków@True@Kraków@Dom Pomoc Społeczny
Langfort_Teodor_Henryk@brak danych@True@brak danych@None
Chrapicki_Mikolaj@brak danych@True@brak danych@None
Sedziwoj_z_Legu@brak danych@True@brak danych@None
Karlowicz_Jan@San Remo@True@San Remo@San Remo
Szumski_Boksa@brak danych@True@brak danych@None
Fabijanski_Stanislaw@Kraków@True@Kraków@None
Grabski_Jan_Kazimierz@brak danych@True@brak danych@None
Suchten@Saksonia@True@Saksonia@None
Koene-Jaski_4@Gdańsk@True@Gdańsk@Gdańsku
Sztaffel_Izrael@Warszawa@True@Warszawa@Warszawa
Campen_van_der@Fryburg@True@Fryburg@None
Czajewski_Ignacy@Warszawa@True@Warszawa@None
Glowacki_Ignacy@brak danych@True@brak danych@None
Dabrowski_Adam@Odesa@False@Odesa@None
Lesikowski_Stanislaw@Stutthof@True@Stutthof@None
Festenburg_de_Gérard@Lwów@True@Lwów@Lwowie
Ewild_al_Eywild@brak danych@True@brak danych@None
Sowinski_Leonard@Steckowce@True@Steckowce@None
Slizien_Stefan_Jan@brak danych@True@brak danych@None
Semadeni_Irena@Warszawa@True@Warszawa@None
Golaski_Jan@Łowicz@True@Łowicz@None
Charbinowski_Bartosz@brak danych@True@brak danych@None
Stawska_Paulina@Kraków@True@Kraków@Krakowie
Han_Herman@Chojnice@True@Chojnice@Chojnicach
Spira_Natan_ben@Grodno@True@Grodno@Grodnin
Fenenna@brak danych@True@brak danych@None
Kapusta_Lawryn@brak danych@True@brak danych@None
Curie_Maria@Paryż@False@Paryż@None
Przezdrzew_z_Ostrowa@brak danych@True@brak danych@None
Spektor_Mordechaj@Nowy Jork@True@Nowy Jork@Nowy Jork
Maciej@brak danych@True@brak danych@None
Potocki_Antoni_Michal@brak danych@True@brak danych@None
Radziejowski_Mikolaj_h@Radziejowice@False@Radziejowice@None
Orlik_Filip_h@Jassy@True@Jassy@Chociem
Sulimirski_Tadeusz_Jozef@Londyn@True@Londyn@Londynie
Dedko_Dymitr@brak danych@True@brak danych@None
Guicciardini_Galeazzo@Kraków@False@Kraków@None
Gorecka_Ludwika_z@brak danych@True@brak danych@None
Suryn_Eliasz_Wladyslaw@brak danych@True@brak danych@None
Morteski_Ludwik_z@brak danych@True@brak danych@None
Maciej_z_Makolina@Pułtusk@False@Pułtusk@None
Lee_Karol@Filadelfia@True@Filadelfia@None
Rusin@brak danych@True@brak danych@Ziemi Święty
Landowska_Wanda_Aleksandra@Lakeville@True@Lakeville@Lakeville
Sarnowska@Warszawa@True@Warszawa@Warszawa
Moscicki_Ignacy@Versoix@True@Versoix@Rydzew Jan
Katarzyna_Jagiellonka@brak danych@True@brak danych@None
Slupecki_Kazimierz@Falęcin@True@Falęcin@Paryż
Symeon@brak danych@True@brak danych@None
Sygryda@brak danych@True@brak danych@None
Skiba_Antoni@Rumia@True@Rumia@Rumi
Hincza_z_Rogowa@brak danych@True@brak danych@None
Jaksa_z_Miechowa@brak danych@True@brak danych@None
Braun_Stanislaw@Kraków@True@Kraków@Krakowie
Kunicki_Tadeusz@Warszawa@True@Warszawa@Warszawa
Puttkamerowa_z_Wereszczakow@Brażele@True@Brażele@Brażelcach
Pichgiel@Gdańsk@False@Gdańsk@None
Jadwiga_Jagiellonka@Berghausen@True@Berghausen@Berghausen
Farurej_Jan_z@brak danych@True@brak danych@None
Faleta@brak danych@True@brak danych@None
Mikolaj_z_Woli@brak danych@True@brak danych@None
Maria_Jozefa@Drezno@True@Drezno@None
Bartels@Kraków@True@Kraków@Krakowie
Kuropatwa_Jasko_z@brak danych@True@brak danych@None
Siegniew_z_Greboszowa@Śląsk@True@Śląsk@None
Aloe@brak danych@True@brak danych@None
Gladysz_Jan_h@brak danych@True@brak danych@None
Sapieha_Jan_Fryderyk@Żurawno@True@Żurawno@None
Sapieha_Adam@Reichenhall@True@Reichenhall@None
Schulboym_Mosze@Wiedeń@True@Wiedeń@Wiedniu
Daszynski_Ignacy@Bystra@False@Bystra@None
Mieszko_III_Stary@brak danych@True@brak danych@None
Maciejewiczowa_z_Moszczynskich@Wilno@True@Wilno@Wilnie
Grabczewski_Bronislaw@Warszawa@True@Warszawa@Warszawa
Lachowski@Koloszwar@False@Koloszwar@None
Sokolowski_Marcin@Warszawa@False@Warszawa@None
Dymitr_Olgierdowicz_Starszy@Worsklą@True@Worsklą@None
Slaska@Warszawa@True@Warszawa@Warszawa
Niesiolowski_Kazimierz_Ignacy@brak danych@True@brak danych@None
Godebski_Franciszek_Ksawery@Lwów@True@Lwów@Lwowie
Sapiezyna_z_Branickich@Kodeń@True@Kodeń@Kodć
Szczubiol_Andrzej_z@brak danych@True@brak danych@None
Mielecki_Stanislaw_h@Kraków@True@Kraków@Krakowie
Onolf@brak danych@True@brak danych@None
Rosicki_Andrzej@Łódź@True@Łódź@Łódź
Slowicki_Jozef@Zagrzeb@True@Zagrzeb@None
Gramz_Boleslaw@brak danych@True@brak danych@None
Dyjakiewicz_z_Kolimata@Węgrów@False@Węgrów@None
Przewoska_Maria_Czeslawa@Warszawa@True@Warszawa@Warszawa
Rokosz_Jan@brak danych@True@brak danych@None
Swach@Poznań@True@Poznań@None
Goldman_Jan@Lwów@True@Lwów@None
Decjusz_1@brak danych@True@brak danych@None
Sniadecka_Kornelia_Ludwika@Stambuł@True@Stambuł@None
Krumhausen_Gabriel@Gdańsk@True@Gdańsk@None
Swirski_Jerzy_Wlodzimierz@brak danych@True@brak danych@None
Norwid_Franciszek_Ksawery@Wrocław@True@Wrocław@None
Stanislaw_Cielatko_z@brak danych@True@brak danych@None
Dekan_Jan@brak danych@True@brak danych@None
Szapira@Lublin@True@Lublin@None
Siemikowski_Wojciech_h@brak danych@False@brak danych@None
Gotland_Jan_mlodszy@brak danych@True@brak danych@None
Smieszkowic_Mikolaj@brak danych@True@brak danych@None
Cygan_Antoni@brak danych@True@brak danych@None
Drzewiecki_Henryk@Wyszków@True@Wyszków@Wyszkowie
Sokolak_Henryk@Warszawa@True@Warszawa@Warszawa
Siemienowska_Anna@Warszawa@True@Warszawa@Warszawa
Rudzinska_z_Januchtow@Warszawa@True@Warszawa@None
Piotr_Nagorka_z@Awinion@True@Awinion@Awinionie
Jakub_z_Zalesia@brak danych@True@brak danych@None
Dawison_Bogumil@Drezno@True@Drezno@Dreźnie
Lezenski_1@brak danych@True@brak danych@None
Gomolinski_Karol_h@brak danych@True@brak danych@Warszawa
Stanczakowa_ze_Strancmanow@Warszawa@True@Warszawa@Warszawa
Kozlowski_Mikolaj_h@brak danych@True@brak danych@None
Bartoszewski_Jan@Lwów@True@Lwów@Lwowie
Szczygielska@Praga@True@Praga@None
Rudzki-Wezyk_Jan@Florencja@True@Florencja@Pau
Szenirer_Sara@Kraków@True@Kraków@Krakowie
Niewiadomska_Cecylia@Warszawa@True@Warszawa@Warszawa
Grzegorzewski_Jan@Lwów@True@Lwów@None
Mierzenski_Aleksander_h@Zabłudów@True@Zabłudów@Zabłudowie
Sudywoj@brak danych@True@brak danych@None
Konarski_Hieronim@brak danych@True@brak danych@None
Szapocznikow_Alina@Praz-Contant@True@Praz-Contant@Praz
Kliszewska_z_Wesolowskich@Katowice@True@Katowice@Katowicach
Korczak_Jozef@Michniszki@True@Michniszki@Michniszkami
Ludwik_I@Brzeg@True@Brzeg@Brzeg
Szulc_w_zak._Tomasz@brak danych@True@brak danych@None
Stanislaw_August_Poniatowski@Petersburg@True@Petersburg@None
Podfilipski_Jakub_h@brak danych@True@brak danych@None
Rehbinder@brak danych@True@brak danych@None
Klimowicz_Stanislaw@brak danych@True@brak danych@None
Klokocki_Kazimierz_Krzysztof@Starzynki@True@Starzynki@Starzynkach
Gedko@brak danych@True@brak danych@None
Spycigniew_z_Dabrowy@brak danych@True@brak danych@None
Basaeus@brak danych@True@brak danych@None
Schnayder_Jerzy_Edward@Kraków@True@Kraków@Krakowie
Sokolowska-Luszczewska_Halina@Skolimów@True@Skolimów@None
Schirmer@brak danych@True@brak danych@None
Kakowski_Aleksander@brak danych@True@brak danych@None
Pahr@Brzeg@True@Brzeg@Brzeg
Rotundus_Mieleski_Augustyn@Wilno@True@Wilno@Wilnie
Firlej_Jan_z@Kraków@True@Kraków@None
Rossi_Piotr@brak danych@True@brak danych@None
Ossolinski_Jerzy_h@Warszawa@True@Warszawa@None
Dynowska_Maria@Kraków@True@Kraków@Krakowie
Rullus_Jan@Wrocław@True@Wrocław@Wrocławiu
Dalbor_Maksymilian@Krotoszyn@True@Krotoszyn@None
Nieustep@brak danych@True@brak danych@None
Gniewosz_z_Dalewic@brak danych@True@brak danych@None
Dzierzek_Natalia@Warszawa@True@Warszawa@Warszawa
Sieniawska_z_Chodkiewiczow@Brzeżany@False@Brzeżany@None
Siemowit_VI@Sanniki@True@Sanniki@None
Szymkowicz_Poszuszwienski_Mikolaj@brak danych@True@brak danych@None
Fiorentini_Wladyslaw@Wilno@True@Wilno@Wilnie
Leymiter_Stanislaw@Kraków@True@Kraków@None
Snigurski_Jan@Przemyśl@True@Przemyśl@Przemyślu
Kozniewska-Kalinowska_Maria@Warszawa@True@Warszawa@Warszawa
Szembek@Kraków@True@Kraków@Lwowie
Szujski_Konstanty@brak danych@True@brak danych@None
Strzelecki_Wieslaw_Marian@Warszawa@True@Warszawa@None
Bialecka_Kolumba@brak danych@True@brak danych@None
Szymon_z_Sierpca@Kraków@True@Kraków@None
Siemowit@brak danych@True@brak danych@None
Rudzinski_Mieczyslaw@Dachau@True@Dachau@None
Eufrozyna@brak danych@True@brak danych@None
Renard_Benedykt_h@brak danych@True@brak danych@None
Gladysz_Jan@Warszawa@True@Warszawa@Warszawa
Czartoryski_Adam_Jerzy@Montfermeil@True@Montfermeil@None
Machwic@brak danych@True@brak danych@None
Migowa_z_Gancwohlow@Warszawa@False@Warszawa@None
Stanislaw@Warszawa@True@Warszawa@None
Stawrowiecki_Cyryl_Trankwillion@Czernihów@True@Czernihów@None
Kalinski_Seweryn_Mikolaj@brak danych@True@brak danych@None
Motty_Jan_Chrzciciel@Poznań@True@Poznań@None
Ordonowna_Hanka_z@Bejrut@True@Bejrut@Bejrucie
Szeptycki_Bazyli@Uniów@True@Uniów@None
Popiel@Kruszwica@True@Kruszwica@None
Izrael_ben_Mosze@Brody@True@Brody@Brodach
Prastel@Kraków@False@Kraków@None
Federowicz_Ignacy@Kraków@True@Kraków@Krakowie
Adam_Waclaw@Cieszyn@True@Cieszyn@Cieszynie Na Brandys
Potocki_Artur_1@Krzeszowice@True@Krzeszowice@Krzeszowice
Podfilipski_Michal_h@brak danych@True@brak danych@None
Slop@brak danych@False@brak danych@None
Mostowska_z_Bujwidow@Kraków@True@Kraków@None
Slomowski_Stanislaw_h@Lwów@True@Lwów@Lwowie
Kamienski_Antoni_h@brak danych@True@brak danych@None
Erlichshausen_v_Ludwik@Królewiec@True@Królewiec@None
Kalinowski_Wincenty_Konstanty@Wilno@True@Wilno@None
Szymanowski_Antoni@Warszawa@True@Warszawa@Warszawa
Potocki_Jan_Nepomucen_1@Rymanów Zdrój@True@Rymanów Zdrój@Rymanowie Zdrój
Fuzorius_Bartlomiej@Nowy Sącz@True@Nowy Sącz@Nowy Sącz
Patruus@Poznań@True@Poznań@None
Kopernik_Mikolaj@Frombork@True@Frombork@Fromborku
Strzelicz@brak danych@True@brak danych@None
Szymon_ze_Stobnicy@brak danych@True@brak danych@None
Cieciura_Tymofiej@brak danych@True@brak danych@None
Radziwillowa_Maria_Roza@Rzym@True@Rzym@None
Kolberg_Wilhelm_Karol@Warszawa@True@Warszawa@Warszawa
Rejment-Grochowska_Irena@Warszawa@True@Warszawa@Warszawa
Gadebusch_Jakub@brak danych@True@brak danych@None
