Biogram@Dane prawdziwe@Rezultat@GPT@Clarin
Piotrowiczowa_z_Rogolinskich@brak danych@True@brak danych@None
Byszewska_Ludwika_z@brak danych@True@brak danych@None
Cox_Leonard@Thame@True@Thame@Tham
Orlowska_Cecylia_Czeslawa@Łódź@True@Łódź@Łódź
Swiatkowski_Henryk@Dzierzążnia@True@Dzierzążnia@Dzierzążnia
Patruus_Jan__syn_@brak danych@True@brak danych@None
Krystyniacki_Jan@Leżajsk@True@Leżajsk@None
Stebelski_1@Magierów@True@Magierów@Magierowie
Glinski_Iwan@brak danych@True@brak danych@None
Dobrogost_z_Dzwonowa@brak danych@True@brak danych@None
Kozlowski_Jan_Pawel@Kraków@True@Kraków@Krakowie
Jarkowski_Stanislaw_Teofil@Warszawa@True@Warszawa@Warszawa
Hirschenfeld-Mielecki_Jozef@Warszawa@True@Warszawa@Warszawa
Szczerbic@brak danych@True@brak danych@None
Pociej_Aleksander_h@brak danych@True@brak danych@None
Glogerowa_z_Jelskich@Zamość@False@Zamość@None
Szprega_Teodor@Czersk@True@Czersk@Czersko
Rzymowski_Wincenty@Kuczbork@True@Kuczbork@Kuczbork
Myszkowski_Stanislaw_z_1@brak danych@True@brak danych@None
Dogrumowa_Maria_Teresa@Wiedeń@True@Wiedeń@Holandia
Felinska_Ewa@Uznoha@True@Uznoha@Uznoha
Szafarczyk@Racibórz@True@Racibórz@Raciborzu Na Śląsk
Robel_Jan_Zygmunt@Kraków@True@Kraków@Krakowie
Sapiezyna_z_Zamoyskich_1@Podzamcze@True@Podzamcze@Podzamczu
Radziwill_Jan_Mikolaj@brak danych@True@brak danych@None
Radwan@brak danych@True@brak danych@None
Quest_Robert@Lwów@True@Lwów@Lwowie
Mroczko_Nagorka_z@brak danych@True@brak danych@None
Pion_Maurice@Paryż@True@Paryż@Paryż
Eryk_z_Winsen@brak danych@True@brak danych@None
Bezprym@brak danych@True@brak danych@None
Lesniowolski_Marcin_h@brak danych@True@brak danych@None
Przezdziecki_Aleksander_h@brak danych@True@brak danych@None
Ezra_ben_Nisan@brak danych@True@brak danych@None
Slonkowic@Słonkowo@True@Słonkowo@Słonkowie
Jamonttowna_Helena@Warszawa@True@Warszawa@Warszawa
Pahl_Mikolaj@Gdańsk@True@Gdańsk@Gdańsku
Stawski_Stanislaw_h._Korczak@brak danych@True@brak danych@None
Szpilman@Sosnowiec@True@Sosnowiec@Sosnowcu
Cruciger_Feliks@Szczebrzeszyn@False@Szczebrzeszyn@None
Lancucki_Wojciech@Skawina@True@Skawina@Skawinie
Dabrowska_Pelagia@Dubienka@True@Dubienka@Dubience
Niemiryczowa_z_Jelowickich@Ożenin@True@Ożenin@Ożeninie
Stawowy-Wojnarowska_Irena_Barbara@Wołożyn@True@Wołożyn@Wołożynie Na Nowogródczyźnie
Librachowa@Zbiroż@True@Zbiroż@Zbirożyć
Klopffleisch_Wilhelm@Warszawa@True@Warszawa@Warszawa
Spettowa@Lwów@True@Lwów@Lwowie
Langfort_Teodor_Henryk@brak danych@True@brak danych@None
Chrapicki_Mikolaj@brak danych@True@brak danych@None
Sedziwoj_z_Legu@brak danych@True@brak danych@None
Karlowicz_Jan@brak danych@True@brak danych@None
Szumski_Boksa@brak danych@True@brak danych@None
Fabijanski_Stanislaw@Paryż@True@Paryż@None
Grabski_Jan_Kazimierz@brak danych@True@brak danych@None
Suchten@Gdańsk@True@Gdańsk@Gdańsku
Koene-Jaski_4@brak danych@True@brak danych@None
Sztaffel_Izrael@Warszawa@True@Warszawa@Warszawa
Campen_van_der@Kampen@True@Kampen@None
Czajewski_Ignacy@brak danych@True@brak danych@None
Glowacki_Ignacy@brak danych@True@brak danych@None
Dabrowski_Adam@Zaklików@True@Zaklików@Zaklikowie
Lesikowski_Stanislaw@Tuchola@True@Tuchola@Tuchola
Festenburg_de_Gérard@Lwów@True@Lwów@Lwowie
Ewild_al_Eywild@brak danych@True@brak danych@None
Sowinski_Leonard@Berezówka@True@Berezówka@Berezówka
Slizien_Stefan_Jan@brak danych@True@brak danych@None
Semadeni_Irena@Hołuzja@True@Hołuzja@Hołuzja Na Wołyeń
Golaski_Jan@brak danych@True@brak danych@None
Charbinowski_Bartosz@Charbinowice@False@Charbinowice@None
Stawska_Paulina@Toruń@True@Toruń@Toruniu
Han_Herman@Nysa@True@Nysa@Nysie Na Śląsk
Spira_Natan_ben@Praga@True@Praga@None
Fenenna@brak danych@True@brak danych@None
Kapusta_Lawryn@brak danych@True@brak danych@None
Curie_Maria@Warszawa@True@Warszawa@Warszawa
Przezdrzew_z_Ostrowa@brak danych@False@brak danych@None
Spektor_Mordechaj@Human@True@Human@Humaniu
Maciej@brak danych@True@brak danych@None
Potocki_Antoni_Michal@brak danych@True@brak danych@None
Radziejowski_Mikolaj_h@brak danych@True@brak danych@None
Orlik_Filip_h@Kosucie@True@Kosucie@None
Sulimirski_Tadeusz_Jozef@Kobylany@True@Kobylany@Kobylanach
Dedko_Dymitr@brak danych@True@brak danych@None
Guicciardini_Galeazzo@brak danych@True@brak danych@None
Gorecka_Ludwika_z@Warszawa@True@Warszawa@Warszawa
Suryn_Eliasz_Wladyslaw@brak danych@True@brak danych@None
Morteski_Ludwik_z@brak danych@True@brak danych@None
Maciej_z_Makolina@Mąkolino@False@Mąkolino@None
Lee_Karol@Dernhall@True@Dernhall@Dernhall
Rusin@brak danych@True@brak danych@None
Landowska_Wanda_Aleksandra@Warszawa@True@Warszawa@Warszawa
Sarnowska@Lublin@True@Lublin@Lublinie
Moscicki_Ignacy@Mierzanów@True@Mierzanów@Mierzanowie
Katarzyna_Jagiellonka@Kraków@True@Kraków@Krakowie
Slupecki_Kazimierz@Zakroczym@True@Zakroczym@Zakroczymiu
Symeon@Zamość@True@Zamość@Zamościu
Sygryda@brak danych@True@brak danych@None
Skiba_Antoni@Opole@True@Opole@Opolu
Hincza_z_Rogowa@brak danych@True@brak danych@None
Jaksa_z_Miechowa@brak danych@True@brak danych@None
Braun_Stanislaw@Jaszczów@True@Jaszczów@Jaszczwi
Kunicki_Tadeusz@Lwów@True@Lwów@Lwowie
Puttkamerowa_z_Wereszczakow@Tuhanowicze@True@Tuhanowicze@Tuhanowiczach
Pichgiel@Lublin@False@Lublin@Lublina
Jadwiga_Jagiellonka@Kraków@True@Kraków@Krakowie Na Wawel
Farurej_Jan_z@brak danych@True@brak danych@None
Faleta@brak danych@True@brak danych@Mazowsza
Mikolaj_z_Woli@brak danych@True@brak danych@None
Maria_Jozefa@Wiedeń@False@Wiedeń@None
Bartels@Wilno@True@Wilno@Wilnie
Kuropatwa_Jasko_z@brak danych@True@brak danych@None
Siegniew_z_Greboszowa@brak danych@True@brak danych@None
Aloe@Warszawa@True@Warszawa@Warszawa
Gladysz_Jan_h@brak danych@True@brak danych@None
Sapieha_Jan_Fryderyk@brak danych@True@brak danych@None
Sapieha_Adam@Warszawa@True@Warszawa@Warszawa
Schulboym_Mosze@Jezierzany@True@Jezierzany@Jezierzanach
Daszynski_Ignacy@Zbaraż@True@Zbaraż@Zbaraż
Mieszko_III_Stary@brak danych@True@brak danych@None
Maciejewiczowa_z_Moszczynskich@Teklinów@True@Teklinów@Teklinowie
Grabczewski_Bronislaw@Kownatowo@True@Kownatowo@Kownatowie
Lachowski@Mękarzów@True@Mękarzów@None
Sokolowski_Marcin@Litwa@True@Litwa@None
Dymitr_Olgierdowicz_Starszy@brak danych@True@brak danych@None
Slaska@Katowice@True@Katowice@Katowicach
Niesiolowski_Kazimierz_Ignacy@brak danych@True@brak danych@None
Godebski_Franciszek_Ksawery@Frankenthal@True@Frankenthal@Frankenthal
Sapiezyna_z_Branickich@brak danych@True@brak danych@None
Szczubiol_Andrzej_z@brak danych@True@brak danych@None
Mielecki_Stanislaw_h@brak danych@True@brak danych@None
Onolf@brak danych@True@brak danych@None
Rosicki_Andrzej@Władysławowo@True@Władysławowo@Władysławowie
Slowicki_Jozef@Rostoka@True@Rostoka@Rostoka
Gramz_Boleslaw@Kubliczew@True@Kubliczew@None
Dyjakiewicz_z_Kolimata@Pułnuszki@False@Pułnuszki@None
Przewoska_Maria_Czeslawa@Siedlce@True@Siedlce@None
Rokosz_Jan@Koszyce Wielkie@False@Koszyce Wielkie@None
Swach@Daczycy@True@Daczycy@Daczycach Na Morawe
Goldman_Jan@Kraków@True@Kraków@Krakowie
Decjusz_1@brak danych@True@brak danych@None
Sniadecka_Kornelia_Ludwika@Wilno@True@Wilno@Wilnie
Krumhausen_Gabriel@Gdańsk@True@Gdańsk@Gdańsku
Swirski_Jerzy_Wlodzimierz@Kalisz@True@Kalisz@Kalisz
Norwid_Franciszek_Ksawery@Laskowo-Głuchy@True@Laskowo-Głuchy@None
Stanislaw_Cielatko_z@Liszyn@False@Liszyn@None
Dekan_Jan@brak danych@True@brak danych@None
Szapira@Suczawa@True@Suczawa@None
Siemikowski_Wojciech_h@Siemkowice@False@Siemkowice@None
Gotland_Jan_mlodszy@Toruń@True@Toruń@Toruniu
Smieszkowic_Mikolaj@Lwów@True@Lwów@Lwowie
Cygan_Antoni@brak danych@True@brak danych@None
Drzewiecki_Henryk@Warszawa@True@Warszawa@Warszawa
Sokolak_Henryk@Zgrobelice@True@Zgrobelice@Zgrobelicach
Siemienowska_Anna@Albertyna@True@Albertyna@Albertynie
Rudzinska_z_Januchtow@Kielce@True@Kielce@Kielcach
Piotr_Nagorka_z@brak danych@True@brak danych@None
Jakub_z_Zalesia@brak danych@True@brak danych@None
Dawison_Bogumil@Warszawa@True@Warszawa@Polka
Lezenski_1@brak danych@True@brak danych@None
Gomolinski_Karol_h@brak danych@True@brak danych@None
Stanczakowa_ze_Strancmanow@Warszawa@True@Warszawa@Warszawa
Kozlowski_Mikolaj_h@Kozłów@True@Kozłów@Kozłowy
Bartoszewski_Jan@Lwów@True@Lwów@Lwowie
Szczygielska@Kraków@True@Kraków@Krakowie
Rudzki-Wezyk_Jan@Witkowice@True@Witkowice@Witkowicach
Szenirer_Sara@Kraków@True@Kraków@Krakowie
Niewiadomska_Cecylia@Warszawa@True@Warszawa@Warszawa
Grzegorzewski_Jan@Szulejki@True@Szulejki@None
Mierzenski_Aleksander_h@brak danych@True@brak danych@None
Sudywoj@brak danych@True@brak danych@None
Konarski_Hieronim@Żarczyce@True@Żarczyce@Żarczycach
Szapocznikow_Alina@Kalisz@True@Kalisz@Kalisz
Kliszewska_z_Wesolowskich@Frysztak@True@Frysztak@Frysztaku
Korczak_Jozef@Dąbrówka@True@Dąbrówka@Dąbrówka
Ludwik_I@brak danych@True@brak danych@None
Szulc_w_zak._Tomasz@Lubawa@True@Lubawa@None
Stanislaw_August_Poniatowski@Wołczyn@True@Wołczyn@Wołczynie
Podfilipski_Jakub_h@brak danych@True@brak danych@None
Rehbinder@Inflanty@True@Inflanty@Inflant
Klimowicz_Stanislaw@brak danych@True@brak danych@None
Klokocki_Kazimierz_Krzysztof@brak danych@True@brak danych@None
Gedko@brak danych@True@brak danych@None
Spycigniew_z_Dabrowy@brak danych@True@brak danych@None
Basaeus@brak danych@True@brak danych@None
Schnayder_Jerzy_Edward@Krzeszowice@True@Krzeszowice@Krzeszowice
Sokolowska-Luszczewska_Halina@Żytomierz@True@Żytomierz@Żytomierz
Schirmer@brak danych@True@brak danych@None
Kakowski_Aleksander@Dębiny@True@Dębiny@Dębina
Pahr@Bissone@True@Bissone@Bissone
Rotundus_Mieleski_Augustyn@Wieluń@True@Wieluń@Wieluniu
Firlej_Jan_z@brak danych@True@brak danych@None
Rossi_Piotr@Rzym@True@Rzym@None
Ossolinski_Jerzy_h@Sandomierz@True@Sandomierz@Sandomierzu
Dynowska_Maria@Warszawa@True@Warszawa@Warszawa
Rullus_Jan@Kraków@True@Kraków@Krakowie
Dalbor_Maksymilian@Poznań@True@Poznań@None
Nieustep@brak danych@True@brak danych@None
Gniewosz_z_Dalewic@brak danych@True@brak danych@None
Dzierzek_Natalia@Kotiużany@True@Kotiużany@Kotiużanach Na Podole
Sieniawska_z_Chodkiewiczow@brak danych@True@brak danych@None
Siemowit_VI@brak danych@True@brak danych@None
Szymkowicz_Poszuszwienski_Mikolaj@brak danych@True@brak danych@None
Fiorentini_Wladyslaw@Borgo@False@Borgo@None
Leymiter_Stanislaw@brak danych@True@brak danych@None
Snigurski_Jan@Brześciany@True@Brześciany@Brześcianach
Kozniewska-Kalinowska_Maria@Warszawa@True@Warszawa@Warszawa
Szembek@Stendal@False@Stendal@None
Szujski_Konstanty@brak danych@True@brak danych@None
Strzelecki_Wieslaw_Marian@Brudzewice@True@Brudzewice@Brudzewicach
Bialecka_Kolumba@Jaśniszcze@True@Jaśniszcze@Jaśniszczach
Szymon_z_Sierpca@Sierpc@False@Sierpc@Sierpc
Siemowit@Gniezno@False@Gniezno@None
Rudzinski_Mieczyslaw@Werki@True@Werki@Werki
Eufrozyna@brak danych@True@brak danych@None
Renard_Benedykt_h@Warszawa@True@Warszawa@None
Gladysz_Jan@Babimost@True@Babimost@Babimośt
Czartoryski_Adam_Jerzy@Warszawa@True@Warszawa@Warszawa
Machwic@brak danych@True@brak danych@None
Migowa_z_Gancwohlow@Będzin@True@Będzin@Będzinie
Stanislaw@brak danych@True@brak danych@None
Stawrowiecki_Cyryl_Trankwillion@brak danych@True@brak danych@None
Kalinski_Seweryn_Mikolaj@brak danych@True@brak danych@None
Motty_Jan_Chrzciciel@Paryż@True@Paryż@None
Ordonowna_Hanka_z@Warszawa@True@Warszawa@Warszawa
Szeptycki_Bazyli@Woszczańce@True@Woszczańce@Woszczańca
Popiel@brak danych@True@brak danych@None
Izrael_ben_Mosze@Zamość@True@Zamość@Zamościu
Prastel@brak danych@True@brak danych@None
Federowicz_Ignacy@Czechy@True@Czechy@Czechy Pod Zduńska Wola
Adam_Waclaw@brak danych@True@brak danych@None
Potocki_Artur_1@Krzeszowice@True@Krzeszowice@Krzeszowice
Podfilipski_Michal_h@brak danych@True@brak danych@None
Slop@Dębowiec@False@Dębowiec@Dębowca
Mostowska_z_Bujwidow@Warszawa@True@Warszawa@Warszawa
Slomowski_Stanislaw_h@brak danych@True@brak danych@None
Kamienski_Antoni_h@Ludwiszczy@True@Ludwiszczy@Ludwiszczach
Erlichshausen_v_Ludwik@brak danych@True@brak danych@Szwabii
Kalinowski_Wincenty_Konstanty@Mostowlany@True@Mostowlany@Mostowlanach
Szymanowski_Antoni@Warszawa@True@Warszawa@Warszawa
Potocki_Jan_Nepomucen_1@Oleszyce@True@Oleszyce@Oleszycach
Fuzorius_Bartlomiej@Nowy Sącz@True@Nowy Sącz@Nowy Sącz
Patruus@brak danych@True@brak danych@None
Kopernik_Mikolaj@Toruń@True@Toruń@Toruniu
Strzelicz@Sosnowice@False@Sosnowice@None
Szymon_ze_Stobnicy@Stobnica@False@Stobnica@None
Cieciura_Tymofiej@brak danych@True@brak danych@None
Radziwillowa_Maria_Roza@Paryż@True@Paryż@Paryż
Kolberg_Wilhelm_Karol@brak danych@True@brak danych@None
Rejment-Grochowska_Irena@Warszawa@True@Warszawa@Warszawa
Gadebusch_Jakub@Gryfia@True@Gryfia@None
